{"cameraMode":{"drawMode":0,"name":"Shaded","section":"Shading Mode"},"sceneLighting":false,"audioPlay":false,"sceneViewState":{"m_AlwaysRefresh":false,"showFog":true,"showSkybox":false,"showFlares":true,"showImageEffects":true,"showParticleSystems":true,"showVisualEffectGraphs":true,"m_FxEnabled":true},"in2DMode":false,"pivot":{"x":-0.5628041625022888,"y":0.5272163152694702,"z":-0.37852340936660769},"rotation":{"x":-0.13132856786251069,"y":-0.6852991580963135,"z":0.1276765912771225,"w":-0.7048887610435486},"size":1.4218074083328248,"orthographic":true}