{"cameraMode":{"drawMode":0,"name":"Shaded","section":"Shading Mode"},"sceneLighting":false,"audioPlay":false,"sceneViewState":{"m_AlwaysRefresh":false,"showFog":true,"showSkybox":false,"showFlares":true,"showImageEffects":true,"showParticleSystems":true,"showVisualEffectGraphs":true,"m_FxEnabled":true},"in2DMode":false,"pivot":{"x":-0.5628041625022888,"y":0.5272163152694702,"z":-0.37852340936660769},"rotation":{"x":0.0005327928229235113,"y":-0.9981667399406433,"z":-0.06026501953601837,"w":-0.008973339572548867},"size":1.4218074083328248,"orthographic":true}