{"cameraMode":{"drawMode":0,"name":"Shaded","section":"Shading Mode"},"sceneLighting":false,"audioPlay":false,"sceneViewState":{"m_AlwaysRefresh":false,"showFog":true,"showSkybox":false,"showFlares":true,"showImageEffects":true,"showParticleSystems":true,"showVisualEffectGraphs":true,"m_FxEnabled":true},"in2DMode":false,"pivot":{"x":3.281215190887451,"y":-0.4859352111816406,"z":-6.284858226776123},"rotation":{"x":0.009376641362905503,"y":0.9895424842834473,"z":-0.12233129143714905,"w":0.07584811747074127},"size":8.679205894470215,"orthographic":false}