{"cameraMode":{"drawMode":0,"name":"Shaded","section":"Shading Mode"},"sceneLighting":false,"audioPlay":false,"sceneViewState":{"m_AlwaysRefresh":false,"showFog":true,"showSkybox":false,"showFlares":true,"showImageEffects":true,"showParticleSystems":true,"showVisualEffectGraphs":true,"m_FxEnabled":true},"in2DMode":false,"pivot":{"x":0.36602020263671877,"y":0.03247499465942383,"z":2.3755319118499758},"rotation":{"x":0.11642713844776154,"y":-0.8739458918571472,"z":0.25718194246292117,"w":0.3956345021724701},"size":3.6808907985687258,"orthographic":true}