{"cameraMode":{"drawMode":0,"name":"Shaded","section":"Shading Mode"},"sceneLighting":true,"audioPlay":false,"sceneViewState":{"m_AlwaysRefresh":false,"showFog":true,"showSkybox":true,"showFlares":true,"showImageEffects":true,"showParticleSystems":true,"showVisualEffectGraphs":true,"m_FxEnabled":true},"in2DMode":false,"pivot":{"x":-8.129751205444336,"y":0.023261964321136476,"z":-3.1254024505615236},"rotation":{"x":0.004613433964550495,"y":-0.9874915480613709,"z":0.15500780940055848,"w":0.029342738911509515},"size":0.8660253882408142,"orthographic":true}