{"cameraMode":{"drawMode":0,"name":"Shaded","section":"Shading Mode"},"sceneLighting":true,"audioPlay":false,"sceneViewState":{"m_AlwaysRefresh":false,"showFog":true,"showSkybox":true,"showFlares":true,"showImageEffects":true,"showParticleSystems":true,"showVisualEffectGraphs":true,"m_FxEnabled":true},"in2DMode":false,"pivot":{"x":1.9369795322418213,"y":2.119126796722412,"z":16.424789428710939},"rotation":{"x":-0.08607088029384613,"y":-0.8554144501686096,"z":0.15089480578899384,"w":-0.4879686236381531},"size":42.59405517578125,"orthographic":true}