{"cameraMode":{"drawMode":0,"name":"Shaded","section":"Shading Mode"},"sceneLighting":true,"audioPlay":false,"sceneViewState":{"m_AlwaysRefresh":false,"showFog":true,"showSkybox":true,"showFlares":true,"showImageEffects":true,"showParticleSystems":true,"showVisualEffectGraphs":true,"m_FxEnabled":true},"in2DMode":false,"pivot":{"x":-5.9265642166137699,"y":-0.20516252517700196,"z":-63.816612243652347},"rotation":{"x":-0.14593933522701264,"y":0.7268186807632446,"z":-0.16291353106498719,"w":-0.6510962247848511},"size":27.739118576049806,"orthographic":true}